sample,root,x,y,z,r
a,1,72.0,500.0,816.0,16.25
a,2,125.269491197135,534.730508802865,1096.73050880286,30.1874740496187
a,3,117.140509530041,822.140509530041,823.140509530041,18.2015584800992
a,4,252.926940638227,936.926940638227,1094.92694063823,10.630146